"store_type","total_sales","percentage_of_total_sales","number_of_orders"
"Local",1044744.6099999007,65.10146402933864,"78319"
"Mall Kiosk",175513.93999999997,10.936849390932569,"13128"
"Outlet",126171.62000000008,7.862167559738997,"9201"
"Super Store",257946.2000000044,16.07347393810098,"19263"
"Web Portal",417.97,0.02604508188881229,"43"
